,X,Y,Z
0,17.33,0.86,39.84
1,17.33,0.86,39.84
2,17.33,0.92,39.86
3,17.33,0.94,39.82
4,17.33,0.89,39.86
5,17.3,0.89,39.87
6,17.3,0.94,39.87
7,17.35,0.94,39.89
8,17.35,0.94,39.89
9,17.3,0.89,39.84
10,17.3,0.89,39.84
11,17.33,0.92,39.86
12,17.33,0.92,39.86
13,17.33,0.92,39.86
14,17.33,0.89,39.86
15,17.3,0.89,39.87
16,17.33,0.92,39.86
17,17.33,0.89,39.84
18,17.3,0.92,39.84
19,17.3,0.89,39.84
20,17.27,0.92,39.87
21,17.33,0.91,39.84
22,17.32,0.97,39.86
23,17.33,0.91,39.84
24,17.3,0.92,39.84
25,17.3,0.92,39.89
26,17.32,0.97,39.86
27,17.32,0.94,39.86
28,17.28,0.94,39.82
29,17.3,0.94,39.84
30,17.3,0.94,39.84
31,17.32,0.94,39.86
32,17.3,0.94,39.87
33,17.3,0.91,39.79
34,17.3,0.92,39.87
35,17.3,0.94,39.84
36,17.32,0.97,39.86
37,17.33,0.94,39.84
38,17.27,0.92,39.87
39,17.27,0.97,35.53
40,16.55,1.03,35.19
41,16.52,1.09,35.19
42,16.53,1.03,35.17
43,16.53,1.0,35.17
44,16.47,1.03,35.2
45,16.52,1.03,35.22
46,16.52,1.06,35.24
47,16.52,1.03,35.19
48,16.5,1.06,35.15
49,16.5,1.06,35.17
50,16.53,1.06,35.17
51,16.53,1.12,35.17
52,16.5,1.06,35.2
53,16.5,1.03,35.2
54,16.52,1.03,35.24
55,16.52,1.06,35.22
56,16.5,1.12,35.2
57,16.53,1.06,35.15
58,16.5,1.0,35.12
59,16.5,1.06,35.17
60,16.5,1.06,35.17
61,16.52,1.06,35.22
62,16.5,1.09,35.17
63,16.5,0.97,35.2
64,16.5,1.06,35.2
65,16.5,1.06,35.17
66,16.53,1.09,35.17
67,16.5,1.09,35.12
68,17.01,1.01,28.64
69,14.9,1.15,26.12
70,14.78,1.2,25.96
71,14.76,1.18,25.91
72,14.76,1.18,25.89
73,14.73,1.12,25.89
74,14.79,1.12,25.86
75,14.79,1.15,25.84
76,14.77,1.15,25.82
77,14.74,1.12,25.82
78,14.76,1.09,25.89
79,14.78,1.12,25.96
80,14.78,1.18,25.96
81,14.76,1.18,25.91
82,14.74,1.15,25.84
83,14.74,1.12,25.84
84,14.76,1.15,25.84
85,14.79,1.15,25.84
86,14.76,1.15,25.87
87,14.79,1.09,25.89
88,14.76,1.12,25.91
89,14.76,1.09,25.91
90,14.76,1.09,25.91
91,14.77,1.15,25.82
92,14.76,1.12,25.84
93,14.74,1.12,25.79
94,14.79,1.12,25.91
95,14.81,1.15,25.91
96,14.79,1.12,25.89
97,14.76,1.09,25.89
98,14.76,1.12,25.89
99,14.76,1.12,25.84
100,14.76,1.12,25.84
101,14.77,1.15,25.79
102,14.79,1.06,25.84
103,14.66,1.26,16.76
104,12.58,1.34,15.37
105,12.57,1.37,15.2
106,12.49,1.34,15.16
107,12.49,1.34,15.16
108,12.47,1.31,15.09
109,12.49,1.34,15.08
110,12.52,1.34,15.03
111,12.58,1.34,15.06
112,12.54,1.31,15.13
113,12.51,1.34,15.2
114,12.51,1.34,15.2
115,12.52,1.4,15.16
116,12.49,1.31,15.11
117,12.5,1.29,15.06
118,12.49,1.31,15.08
119,12.52,1.37,15.08
120,12.52,1.37,15.08
121,12.52,1.34,15.13
122,12.49,1.29,15.16
123,12.52,1.31,15.15
124,12.54,1.34,15.13
125,12.49,1.31,15.08
126,12.47,1.29,15.04
127,12.49,1.29,15.08
128,12.72,1.3,13.13
129,10.89,1.55,2.84
130,10.23,1.6,1.35
131,10.17,1.6,1.12
132,10.1,1.54,1.0
133,10.1,1.6,1.0
134,10.1,1.63,0.98
135,10.13,1.6,0.93
136,10.16,1.63,0.93
137,10.15,1.6,1.02
138,10.17,1.66,1.07
139,10.14,1.63,1.07
140,10.1,1.57,1.0
141,10.07,1.6,0.96
142,10.07,1.57,0.98
143,10.1,1.6,0.98
144,10.18,1.57,1.0
145,10.18,1.57,1.02
146,10.15,1.57,1.02
147,10.15,1.57,1.02
148,10.12,1.6,1.03
149,10.1,1.6,1.0
150,10.1,1.6,1.0
151,10.1,1.54,0.91
152,10.13,1.54,0.98
153,10.2,1.57,1.04
154,10.17,1.57,1.07
155,10.17,1.57,1.07
156,10.1,1.54,1.0
157,10.1,1.52,0.98
158,10.1,1.6,1.0
159,10.18,1.6,0.95
160,10.16,1.54,0.93
161,10.18,1.49,1.02
162,10.18,1.54,1.02
163,10.12,1.57,1.07
164,10.12,1.54,1.0
165,10.1,1.54,0.96
166,10.15,1.51,0.23
167,7.84,1.52,-0.19
168,7.84,1.52,-0.19
169,7.66,1.55,-0.25
170,7.63,1.49,-0.22
171,7.6,1.5,-0.2
172,7.6,1.5,-0.2
173,7.55,1.55,-0.27
174,7.55,1.55,-0.24
175,7.56,1.55,-0.31
176,7.61,1.58,-0.29
177,7.63,1.58,-0.22
178,7.63,1.58,-0.17
179,7.66,1.55,-0.2
180,7.66,1.55,-0.2
181,7.56,1.44,-0.27
182,7.55,1.55,-0.24
183,7.53,1.55,-0.26
184,7.63,1.55,-0.25
185,7.63,1.49,-0.22
186,7.63,1.52,-0.2
187,7.65,1.55,-0.15
188,7.63,1.55,-0.17
189,7.55,1.52,-0.24
190,7.53,1.52,-0.29
191,7.53,1.52,-0.26
192,7.61,1.58,-0.27
193,5.93,1.51,0.03
194,5.42,1.51,0.09
195,5.37,1.48,0.07
196,5.34,1.48,0.1
197,5.34,1.54,0.1
198,5.29,1.54,0.05
199,5.32,1.51,0.03
200,5.29,1.45,0.05
201,5.37,1.48,0.07
202,5.4,1.51,0.12
203,5.42,1.51,0.12
204,5.37,1.57,0.09
205,5.32,1.48,0.1
206,5.29,1.51,0.05
207,5.32,1.54,0.05
208,5.35,1.54,0.02
209,5.37,1.48,0.09
210,5.37,1.48,0.09
211,5.4,1.48,0.12
212,5.37,1.51,0.12
213,5.32,1.51,0.07
214,5.32,1.51,0.05
215,5.3,1.48,-0.02
216,5.32,1.51,0.05
217,5.37,1.57,0.07
218,5.37,1.54,0.09
219,5.4,1.54,0.09
220,5.37,1.48,0.09
221,5.37,1.54,0.09
222,5.32,1.57,0.03
223,3.92,1.52,-0.07
224,3.44,1.46,-0.06
225,3.44,1.44,-0.07
226,3.46,1.44,0.01
227,3.51,1.44,0.05
228,3.51,1.44,0.03
229,3.46,1.44,0.03
230,3.44,1.38,-0.04
231,3.41,1.41,-0.04
232,3.44,1.44,-0.09
233,3.41,1.47,-0.02
234,3.49,1.44,-0.02
235,3.49,1.44,0.0
236,3.49,1.46,0.0
237,3.46,1.49,-0.02
238,3.41,1.49,-0.06
239,3.39,1.46,-0.06
240,3.39,1.46,-0.06
241,3.43,1.44,0.01
242,3.46,1.46,0.01
243,3.48,1.44,0.05
244,3.48,1.38,0.05
245,3.46,1.46,-0.02
246,3.44,1.44,-0.02
247,3.41,1.44,-0.06
248,3.41,1.41,-0.09
249,3.41,1.41,-0.09
250,3.41,1.41,-0.02
251,3.49,1.44,0.03
252,3.3,1.38,0.02
253,2.29,1.36,0.06
254,2.15,1.33,0.04
255,2.16,1.33,0.02
256,2.1,1.36,0.05
257,2.15,1.36,0.04
258,2.18,1.36,0.04
259,2.18,1.33,0.11
260,2.18,1.3,0.11
261,2.2,1.36,0.11
262,2.18,1.33,0.09
263,2.1,1.3,0.05
264,2.1,1.3,-0.0
265,2.18,1.3,0.02
266,2.18,1.33,0.07
267,2.23,1.39,0.11
268,2.2,1.39,0.11
269,2.18,1.3,0.11
270,2.18,1.3,0.11
271,2.1,1.36,0.05
272,2.13,1.33,0.02
273,2.13,1.3,-0.0
274,2.15,1.27,0.04
275,2.2,1.33,0.09
276,2.25,1.3,0.13
277,2.23,1.33,0.09
278,2.18,1.33,0.04
279,2.1,1.33,0.02
280,2.1,1.33,0.02
281,2.15,1.36,0.04
282,2.15,1.36,0.04
283,1.41,1.22,-0.0
284,1.39,1.19,-0.0
285,1.36,1.22,-0.0
286,1.33,1.25,0.0
287,1.29,1.25,-0.12
288,1.23,1.19,-0.11
289,1.29,1.17,-0.12
290,1.34,1.19,-0.07
291,1.36,1.22,-0.05
292,1.36,1.22,-0.05
293,1.36,1.22,0.02
294,1.31,1.19,-0.02
295,1.31,1.19,-0.02
296,1.26,1.22,-0.07
297,1.29,1.22,-0.12
298,1.31,1.22,-0.12
299,1.33,1.19,-0.02
300,1.33,1.19,-0.02
301,1.36,1.25,0.05
302,1.34,1.22,-0.05
303,1.28,1.19,-0.07
304,1.26,1.19,-0.07
305,1.26,1.22,-0.09
306,1.31,1.28,-0.04
307,1.31,1.28,-0.04
308,1.36,1.19,-0.02
309,1.38,1.28,0.02
310,1.33,1.25,-0.02
311,1.31,1.34,-0.07
312,1.31,1.34,-0.07
313,1.26,1.25,-0.14
314,1.28,1.25,-0.07
315,1.31,1.28,-0.02
316,1.38,1.28,0.02
317,0.88,1.14,0.03
318,0.83,1.11,-0.04
319,0.77,1.14,-0.01
320,0.75,1.17,-0.03
321,0.72,1.2,-0.03
322,0.73,1.17,-0.1
323,0.72,1.17,-0.03
324,0.82,1.17,0.06
325,0.82,1.2,0.08
326,0.83,1.14,-0.01
327,0.77,1.11,-0.01
328,0.7,1.11,-0.05
329,0.72,1.14,-0.05
330,0.72,1.14,-0.05
331,0.78,1.17,-0.03
332,0.77,1.17,0.04
333,0.82,1.14,0.06
334,0.82,1.14,0.03
335,0.78,1.2,-0.03
336,0.75,1.14,-0.03
337,0.73,1.14,-0.08
338,0.73,1.11,-0.08
339,0.75,1.14,-0.03
340,0.82,1.17,0.06
341,0.8,1.11,0.06
342,0.83,1.14,0.01
343,0.8,1.14,0.01
344,0.75,1.14,-0.03
345,0.72,1.17,-0.05
346,0.7,1.14,-0.03
347,0.51,1.06,-0.02
348,0.53,1.0,0.03
349,0.55,1.06,0.1
350,0.58,1.09,0.12
351,0.53,1.06,0.05
352,0.48,1.0,-0.02
353,0.42,1.0,0.06
354,0.45,1.06,0.04
355,0.48,1.03,0.01
356,0.48,1.06,0.01
357,0.53,1.03,0.05
358,0.53,1.03,0.05
359,0.56,1.06,0.08
360,0.56,1.06,0.08
361,0.43,1.09,0.01
362,0.4,1.03,-0.01
363,0.45,1.03,0.04
364,0.48,1.03,0.06
365,0.56,1.0,0.08
366,0.58,1.0,0.1
367,0.58,1.0,0.1
368,0.5,1.0,0.06
369,0.5,1.0,0.06
370,0.5,1.0,0.06
371,0.43,1.03,0.01
372,0.45,1.06,0.01
373,0.53,1.03,0.05
374,0.55,1.09,0.12
375,0.58,1.06,0.12
376,0.51,1.0,0.01
377,0.4,1.0,0.04
378,0.43,1.03,0.04
379,0.48,1.03,0.01
380,0.43,0.97,-0.04
381,0.3,0.89,-0.05
382,0.3,0.89,-0.05
383,0.32,0.94,0.04
384,0.3,0.94,-0.05
385,0.25,0.92,-0.1
386,0.25,0.89,-0.14
387,0.2,0.89,-0.12
388,0.22,0.92,-0.09
389,0.27,0.94,-0.05
390,0.27,0.94,-0.05
391,0.32,0.89,-0.03
392,0.3,0.86,-0.08
393,0.22,0.92,-0.12
394,0.2,0.97,-0.09
395,0.2,0.94,-0.12
396,0.25,0.92,-0.12
397,0.27,0.92,-0.07
398,0.3,0.92,-0.03
399,0.29,0.89,0.04
400,0.33,0.92,-0.08
401,0.25,0.89,-0.12
402,0.2,0.89,-0.12
403,0.22,0.92,-0.09
404,0.25,0.97,-0.12
405,0.3,0.97,-0.12
406,0.3,0.92,-0.05
407,0.32,0.94,-0.0
408,0.3,0.94,-0.03
409,0.27,0.97,-0.07
410,0.17,0.86,-0.09
411,0.09,0.83,-0.06
412,0.11,0.83,-0.06
413,0.16,0.86,0.01
414,0.21,0.89,0.05
415,0.19,0.89,0.03
416,0.19,0.8,-0.02
417,0.22,0.77,0.0
418,0.14,0.86,-0.04
419,0.14,0.83,-0.07
420,0.14,0.83,-0.07
421,0.09,0.8,-0.09
422,0.19,0.83,-0.04
423,0.24,0.89,0.07
424,0.21,0.86,0.05
425,0.19,0.86,-0.02
426,0.11,0.83,-0.04
427,0.11,0.83,-0.06
428,0.11,0.86,-0.06
429,0.11,0.86,-0.06
430,0.14,0.86,-0.07
431,0.19,0.83,0.03
432,0.21,0.83,0.07
433,0.22,0.83,-0.02
434,0.14,0.86,-0.07
435,0.09,0.83,-0.06
436,0.09,0.8,-0.06
437,0.11,0.83,-0.04
438,0.16,0.89,-0.02
439,0.22,0.86,0.0
440,0.18,0.78,0.1
441,0.1,0.75,0.08
442,0.08,0.75,0.06
443,0.08,0.75,0.03
444,0.03,0.8,0.04
445,0.03,0.78,-0.01
446,0.1,0.72,0.08
447,0.16,0.75,0.1
448,0.15,0.78,0.15
449,0.13,0.75,0.05
450,0.13,0.75,0.05
451,0.02,0.69,0.09
452,0.05,0.72,0.04
453,0.05,0.78,0.04
454,0.08,0.75,0.03
455,0.13,0.72,0.08
456,0.18,0.75,0.12
457,0.18,0.72,0.12
458,0.13,0.75,0.08
459,0.06,0.72,-0.01
460,0.03,0.72,0.01
461,0.03,0.69,0.04
462,0.08,0.72,0.06
463,0.16,0.78,0.08
464,0.15,0.72,0.12
465,0.16,0.69,0.08
466,0.13,0.72,0.1
467,0.05,0.72,0.06
468,0.05,0.75,0.04
469,0.03,0.72,-0.01
470,0.03,0.66,-0.04
471,0.05,0.63,0.06
472,0.11,0.66,0.06
473,0.11,0.66,0.03
474,0.08,0.66,0.01
475,0.0,0.61,0.01
476,0.01,0.66,-0.03
477,0.0,0.72,-0.01
478,0.03,0.66,-0.01
479,0.03,0.66,-0.01
480,0.03,0.66,-0.01
481,0.11,0.63,0.03
482,0.08,0.66,0.03
483,0.03,0.66,-0.04
484,-0.02,0.63,-0.08
485,-0.04,0.61,-0.05
486,-0.02,0.66,0.02
487,0.08,0.66,0.03
488,0.08,0.63,0.06
489,0.11,0.61,0.03
490,0.08,0.61,0.01
491,0.03,0.63,-0.01
492,0.03,0.66,-0.01
493,-0.02,0.66,-0.06
494,-0.04,0.63,-0.08
495,0.06,0.61,0.01
496,0.11,0.63,0.03
497,0.1,0.66,0.1
498,0.08,0.63,0.01
499,0.01,0.61,-0.01
500,0.01,0.58,-0.03
501,0.01,0.58,-0.01
502,0.03,0.58,0.01
503,0.08,0.58,0.01
504,0.11,0.61,0.06
505,0.13,0.61,0.08
506,0.11,0.61,0.06
507,0.03,0.61,0.01
508,0.01,0.61,-0.03
509,-0.02,0.55,-0.08
510,-0.02,0.55,-0.08
511,0.08,0.61,0.03
512,0.1,0.63,0.1
513,0.08,0.63,0.08
514,0.08,0.52,0.03
515,0.03,0.55,0.01
516,0.0,0.58,0.04
517,0.01,0.63,-0.06
518,0.01,0.55,-0.03
519,0.03,0.55,0.01
520,0.08,0.55,0.08
521,0.13,0.61,0.1
522,0.13,0.61,0.08
523,0.06,0.55,-0.01
524,0.01,0.52,-0.01
525,0.0,0.55,0.04
526,0.0,0.61,0.04
527,0.08,0.58,0.01
528,0.08,0.55,0.08
529,0.08,0.52,0.08
530,0.1,0.58,0.15
531,0.11,0.52,0.08
532,0.03,0.55,0.06
533,0.0,0.52,0.04
534,0.0,0.49,0.06
535,0.08,0.52,0.1
536,0.12,0.55,0.2
537,0.12,0.46,0.22
538,0.12,0.58,0.17
539,0.08,0.52,0.1
540,0.08,0.52,0.1
541,0.05,0.52,0.08
542,0.03,0.52,0.01
543,0.08,0.46,0.1
544,0.07,0.49,0.15
545,0.15,0.52,0.2
546,0.13,0.52,0.17
547,0.1,0.49,0.1
548,0.03,0.49,0.06
549,0.0,0.46,0.06
550,-0.0,0.52,0.09
551,0.05,0.58,0.13
552,0.08,0.52,0.13
553,0.07,0.49,0.18
554,0.1,0.52,0.15
555,0.08,0.52,0.1
556,0.02,0.58,0.11
557,0.0,0.52,0.06
558,-0.05,0.49,0.04
559,0.03,0.49,0.08
560,0.08,0.46,0.03
561,0.08,0.46,0.06
562,0.11,0.46,0.01
563,0.06,0.41,-0.01
564,-0.02,0.44,-0.03
565,-0.02,0.46,-0.08
566,-0.02,0.46,-0.08
567,-0.02,0.46,-0.08
568,0.01,0.41,-0.01
569,0.08,0.46,0.06
570,0.08,0.46,0.06
571,0.08,0.46,0.01
572,-0.02,0.43,-0.08
573,-0.07,0.44,-0.08
574,-0.05,0.46,0.02
575,0.03,0.49,0.01
576,0.06,0.49,-0.01
577,0.06,0.46,0.03
578,0.06,0.49,0.01
579,0.06,0.44,0.03
580,0.03,0.44,0.01
581,-0.02,0.44,-0.01
582,-0.04,0.43,-0.08
583,-0.04,0.41,-0.06
584,0.01,0.46,-0.01
585,0.08,0.46,0.03
586,0.11,0.43,0.05
587,0.06,0.43,-0.01
588,0.01,0.41,-0.01
589,-0.02,0.41,-0.03
590,-0.01,0.46,-0.11
591,-0.07,0.41,-0.1
592,-0.01,0.41,-0.13
593,0.07,0.35,-0.09
594,0.06,0.38,-0.01
595,0.04,0.38,-0.04
596,0.01,0.38,-0.08
597,-0.04,0.38,-0.1
598,-0.06,0.38,-0.17
599,-0.06,0.38,-0.15
600,-0.06,0.38,-0.15
601,0.06,0.38,-0.06
602,0.04,0.35,-0.04
603,0.04,0.38,-0.09
604,0.04,0.38,-0.09
605,-0.04,0.43,-0.13
606,-0.06,0.41,-0.15
607,-0.06,0.38,-0.15
608,0.04,0.38,-0.09
609,0.04,0.38,-0.06
610,0.06,0.38,-0.04
611,0.04,0.38,-0.11
612,0.01,0.38,-0.08
613,-0.01,0.41,-0.13
614,-0.07,0.46,-0.13
615,-0.01,0.46,-0.13
616,-0.04,0.41,-0.13
617,0.01,0.38,-0.08
618,0.03,0.38,-0.01
619,0.07,0.41,-0.09
620,0.0,0.35,0.06
621,-0.03,0.32,0.09
622,-0.02,0.27,0.04
623,-0.05,0.32,0.09
624,-0.0,0.35,0.09
625,0.08,0.38,0.13
626,0.1,0.32,0.13
627,0.08,0.29,0.13
628,0.1,0.29,0.13
629,-0.0,0.35,0.11
630,-0.0,0.35,0.11
631,-0.05,0.38,0.02
632,-0.03,0.38,0.06
633,0.02,0.38,0.11
634,0.08,0.41,0.13
635,0.07,0.41,0.18
636,0.05,0.38,0.13
637,-0.03,0.35,0.11
638,0.0,0.38,0.04
639,-0.0,0.35,0.09
640,-0.05,0.35,0.06
641,0.05,0.35,0.08
642,0.05,0.35,0.13
643,0.1,0.35,0.2
644,0.08,0.38,0.13
645,0.05,0.38,0.13
646,-0.03,0.38,0.06
647,-0.08,0.38,0.07
648,0.0,0.41,0.06
649,0.03,0.41,0.08
650,0.09,0.38,-0.02
651,0.09,0.29,-0.02
652,0.09,0.26,-0.04
653,0.06,0.29,-0.02
654,0.04,0.32,-0.04
655,-0.04,0.32,-0.1
656,-0.04,0.29,-0.1
657,0.04,0.29,-0.11
658,0.06,0.35,0.03
659,0.11,0.32,0.03
660,0.09,0.32,-0.02
661,0.06,0.26,-0.04
662,-0.02,0.29,-0.06
663,-0.01,0.32,-0.08
664,0.01,0.32,-0.11
665,0.01,0.29,-0.06
666,0.03,0.26,-0.01
667,0.11,0.26,-0.02
668,0.11,0.26,0.01
669,0.11,0.29,-0.02
670,-0.02,0.32,-0.06
671,-0.04,0.26,-0.13
672,-0.01,0.24,-0.08
673,0.01,0.35,-0.08
674,0.06,0.29,-0.06
675,0.06,0.29,0.01
676,0.09,0.29,-0.04
677,0.09,0.32,-0.02
678,0.04,0.35,-0.04
679,-0.02,0.32,-0.06
680,-0.04,0.26,-0.13
681,-0.09,0.26,-0.13
682,-0.02,0.24,-0.06
683,0.01,0.26,0.01
684,0.04,0.24,-0.04
685,0.04,0.24,-0.09
686,-0.04,0.21,-0.1
687,-0.09,0.21,-0.1
688,-0.06,0.26,-0.13
689,-0.06,0.26,-0.15
690,0.04,0.24,-0.13
691,-0.02,0.24,-0.03
692,0.03,0.21,0.01
693,0.04,0.24,-0.04
694,0.01,0.24,-0.11
695,-0.06,0.24,-0.15
696,-0.09,0.24,-0.17
697,-0.09,0.26,-0.08
698,0.01,0.26,-0.08
699,0.04,0.24,-0.06
700,0.03,0.21,-0.01
701,0.04,0.24,-0.04
702,0.04,0.24,-0.06
703,-0.07,0.26,-0.08
704,-0.09,0.26,-0.13
705,-0.06,0.21,-0.13
706,-0.01,0.21,-0.11
707,0.01,0.24,-0.04
708,0.06,0.26,0.01
709,0.01,0.21,-0.01
710,0.0,0.18,0.06
711,-0.02,0.18,0.06
712,-0.05,0.21,0.06
713,-0.05,0.21,0.06
714,-0.03,0.21,0.09
715,-0.0,0.18,0.11
716,0.08,0.24,0.15
717,0.07,0.24,0.18
718,0.05,0.21,0.15
719,-0.05,0.27,0.09
720,-0.05,0.21,0.02
721,-0.05,0.18,0.02
722,-0.05,0.21,0.11
723,0.0,0.27,0.08
724,0.0,0.27,0.08
725,0.05,0.18,0.13
726,0.05,0.18,0.13
727,0.05,0.18,0.13
728,-0.03,0.21,0.09
729,-0.05,0.18,0.02
730,-0.05,0.21,0.06
731,0.03,0.18,0.11
732,0.05,0.21,0.18
733,0.1,0.21,0.15
734,0.05,0.21,0.08
735,-0.0,0.18,0.13
736,-0.05,0.15,0.02
737,-0.05,0.18,-0.01
738,-0.02,0.18,-0.06
739,0.04,0.18,-0.06
740,0.04,0.12,-0.04
741,0.04,0.12,-0.04
742,0.09,0.15,0.01
743,0.06,0.15,-0.06
744,0.06,0.15,-0.06
745,-0.04,0.12,-0.06
746,-0.07,0.18,-0.08
747,0.01,0.21,-0.01
748,0.06,0.21,-0.04
749,0.08,0.18,0.03
750,0.08,0.15,0.03
751,0.09,0.15,0.01
752,0.03,0.21,-0.01
753,-0.04,0.15,-0.06
754,-0.04,0.15,-0.08
755,0.01,0.21,-0.06
756,0.03,0.18,-0.01
757,0.03,0.18,-0.01
758,0.08,0.15,0.05
759,0.06,0.15,-0.02
760,0.06,0.12,-0.04
761,0.04,0.21,-0.06
762,0.01,0.18,-0.06
763,0.01,0.18,-0.06
764,0.01,0.18,-0.06
765,0.09,0.15,0.01
766,0.09,0.15,0.01
767,0.04,0.18,-0.04
768,0.04,0.15,-0.09
769,-0.04,0.12,-0.11
770,-0.04,0.12,-0.11
771,-0.02,0.21,-0.06
772,0.01,0.15,-0.08
773,0.01,0.18,-0.06
774,0.03,0.12,-0.01
775,0.06,0.12,0.01
776,0.04,0.18,-0.06
777,-0.04,0.15,-0.06
778,-0.09,0.18,-0.13
779,-0.09,0.18,-0.13
780,0.04,0.12,-0.06
781,0.04,0.18,-0.04
782,0.09,0.18,-0.04
783,0.04,0.12,-0.04
784,0.01,0.09,-0.06
785,-0.04,0.12,-0.06
786,-0.04,0.15,-0.08
787,-0.06,0.12,-0.13
788,-0.04,0.15,-0.11
789,0.01,0.18,-0.06
790,0.06,0.15,0.03
791,0.06,0.18,0.03
792,0.06,0.18,-0.04
793,-0.01,0.18,-0.08
794,-0.07,0.18,-0.1
795,-0.04,0.18,-0.13
796,-0.07,0.18,0.02
797,0.06,0.15,0.06
798,0.08,0.12,0.13
799,0.08,0.12,0.13
800,0.07,0.12,0.17
801,0.07,0.12,0.17
802,0.0,0.1,0.08
803,-0.05,0.1,0.04
804,-0.05,0.1,0.09
805,0.02,0.18,0.13
806,0.1,0.12,0.15
807,0.07,0.15,0.17
808,0.1,0.12,0.15
809,0.08,0.12,0.15
810,-0.0,0.18,0.13
811,-0.0,0.18,0.13
812,-0.0,0.18,0.13
813,0.03,0.09,0.08
814,0.08,0.09,0.13
815,0.07,0.15,0.2
816,0.1,0.12,0.17
817,0.08,0.15,0.1
818,-0.0,0.07,0.11
819,-0.02,0.12,0.06
820,-0.03,0.15,0.11
821,0.0,0.18,0.08
822,0.05,0.12,0.08
823,0.07,0.1,0.17
824,0.1,0.12,0.15
825,0.1,0.15,0.15
826,0.03,0.12,0.03
827,-0.04,0.09,-0.11
828,-0.03,0.12,-0.15
829,-0.01,0.15,-0.08
830,0.04,0.21,-0.11
831,0.04,0.15,-0.06
832,0.12,0.15,-0.04
833,0.07,0.09,-0.06
834,0.01,0.09,-0.06
835,-0.01,0.15,-0.08
836,-0.06,0.15,-0.15
837,-0.03,0.15,-0.15
838,-0.01,0.18,-0.13
839,0.06,0.15,-0.04
840,0.09,0.18,-0.02
841,0.06,0.15,-0.04
842,0.04,0.12,-0.11
843,-0.01,0.15,-0.13
844,-0.04,0.15,-0.13
845,-0.04,0.15,-0.11
846,0.02,0.15,-0.13
847,0.04,0.12,-0.11
848,0.06,0.12,-0.02
849,0.09,0.12,-0.04
850,0.09,0.15,-0.07
851,0.02,0.15,-0.11
852,-0.06,0.15,-0.15
853,-0.06,0.18,-0.13
854,-0.01,0.18,-0.11
855,0.07,0.21,-0.09
856,0.06,0.18,0.01
857,0.06,0.09,0.01
858,0.04,0.09,-0.01
859,-0.02,0.09,-0.01
860,-0.04,0.12,-0.03
861,-0.09,0.09,-0.1
862,-0.06,0.07,-0.1
863,-0.02,0.09,-0.04
864,0.03,0.12,0.03
865,0.08,0.09,0.05
866,0.06,0.09,-0.04
867,0.04,0.07,-0.06
868,-0.07,0.09,-0.06
869,-0.04,0.12,-0.08
870,-0.04,0.09,-0.08
871,-0.01,0.09,-0.06
872,0.01,0.04,-0.01
873,0.03,0.07,0.03
874,0.09,0.09,0.01
875,0.01,0.12,-0.04
876,-0.07,0.12,-0.1
877,-0.09,0.09,-0.08
878,-0.04,0.12,-0.06
879,-0.07,0.15,-0.06
880,0.01,0.15,-0.01
881,0.06,0.12,0.01
882,0.0,0.09,0.06
883,0.06,0.07,0.03
884,-0.02,0.07,-0.01
885,-0.07,0.09,-0.06
886,-0.07,0.12,-0.06
887,-0.07,0.07,-0.06
888,0.04,0.07,-0.04
889,0.06,0.09,0.03
890,0.03,0.07,0.11
891,0.03,0.04,0.03
892,-0.02,0.04,0.04
893,-0.02,0.04,0.04
894,-0.05,0.07,0.06
895,-0.02,0.07,-0.01
896,0.03,0.04,0.03
897,0.05,0.04,0.13
898,0.08,0.07,0.1
899,0.08,0.09,0.1
900,0.0,0.09,0.04
901,-0.02,0.04,-0.01
902,-0.07,0.01,0.02
903,-0.05,0.07,0.04
904,0.03,0.12,0.08
905,0.05,0.07,0.1
906,0.05,0.04,0.13
907,0.05,0.07,0.1
908,0.06,0.07,0.06
909,-0.05,0.09,0.01
910,-0.02,0.07,-0.01
911,-0.05,0.04,0.01
912,0.03,0.04,0.06
913,0.11,0.07,0.1
914,0.1,0.07,0.15
915,0.05,0.07,0.1
916,0.03,0.01,0.03
917,-0.02,0.04,0.01
918,-0.05,0.04,0.04
919,-0.02,0.07,0.01
920,0.04,0.07,-0.06
921,0.04,0.07,-0.04
922,0.06,0.04,-0.02
923,0.06,0.07,-0.04
924,0.01,0.09,-0.09
925,-0.07,0.04,-0.08
926,-0.06,0.04,-0.13
927,-0.04,0.04,-0.06
928,0.01,0.07,-0.06
929,0.03,0.09,0.01
930,0.01,0.04,0.01
931,0.04,0.07,-0.06
932,0.04,0.07,-0.06
933,-0.07,0.07,-0.08
934,-0.06,0.07,-0.1
935,-0.06,0.07,-0.13
936,0.01,0.07,-0.06
937,0.01,0.04,-0.04
938,0.06,0.07,0.03
939,0.04,0.07,-0.04
940,0.04,0.04,-0.06
941,-0.09,0.01,-0.08
942,-0.06,0.07,-0.1
943,-0.07,0.12,-0.08
944,-0.04,0.07,-0.08
945,0.04,0.04,-0.06
946,0.04,0.04,-0.01
947,0.03,0.07,0.01
948,0.04,0.12,-0.06
949,-0.04,0.09,-0.08
950,-0.06,0.09,-0.13
951,-0.09,0.07,-0.1
952,-0.04,0.09,-0.06
953,0.04,0.12,-0.06
954,0.01,0.07,-0.01
955,0.04,0.07,-0.04
956,0.04,0.04,-0.04
957,-0.01,0.04,-0.06
958,-0.04,0.04,-0.08
959,-0.06,0.04,-0.13
960,-0.06,0.04,-0.13
961,-0.01,0.07,-0.06
962,0.03,0.07,0.01
963,0.06,0.07,0.01
964,0.01,0.04,-0.06
965,-0.01,0.04,-0.08
966,-0.04,0.04,-0.06
967,-0.06,0.07,-0.1
968,-0.06,0.07,-0.1
969,0.02,0.09,-0.11
970,0.04,0.04,-0.01
971,0.06,0.04,0.01
972,0.04,0.07,-0.01
973,-0.01,0.09,-0.06
974,-0.06,0.07,-0.13
975,-0.06,0.04,-0.1
976,-0.07,0.07,-0.06
977,0.01,0.09,-0.01
978,0.01,0.07,-0.01
979,0.04,0.07,-0.04
980,0.0,0.01,0.06
981,0.05,0.07,0.13
982,-0.03,0.07,0.09
983,-0.05,0.07,0.04
984,-0.05,0.07,0.01
985,0.0,0.07,0.08
986,0.05,0.07,0.1
987,0.07,0.12,0.17
988,0.08,0.09,0.13
989,0.03,0.07,0.06
990,0.03,0.07,0.06
991,-0.05,0.07,0.06
992,-0.02,0.12,0.04
993,0.03,0.09,0.03
994,0.03,0.12,0.11
995,0.05,0.07,0.13
996,0.05,0.1,0.15
997,0.03,0.1,0.11
998,-0.02,0.15,0.04
999,-0.05,0.07,0.04
1000,-0.08,0.04,0.04
1001,-0.03,0.1,0.09
1002,0.03,0.1,0.11
1003,0.03,0.1,0.11
1004,0.05,0.07,0.13
1005,0.03,0.1,0.11
1006,-0.03,0.07,0.09
1007,-0.03,0.1,0.09
1008,-0.08,0.04,0.04
1009,-0.08,0.01,0.04
1010,-0.0,0.01,0.13
1011,0.02,0.04,0.13
1012,0.05,0.04,0.13
1013,0.03,0.07,0.01
1014,-0.04,0.01,-0.03
1015,-0.05,0.01,0.01
1016,-0.1,0.04,-0.01
1017,-0.07,0.04,-0.01
1018,-0.02,0.07,0.01
1019,0.0,0.01,0.08
1020,0.02,0.07,0.13
1021,0.06,0.04,0.06
1022,0.01,0.04,0.01
1023,-0.1,0.01,-0.03
1024,-0.1,-0.02,-0.01
1025,-0.07,0.01,-0.01
1026,-0.03,0.1,0.09
1027,0.03,0.1,0.11
1028,0.06,0.04,0.08
1029,0.06,0.01,0.03
1030,0.01,0.07,0.01
1031,-0.08,0.07,0.04
1032,-0.04,0.07,-0.03
1033,-0.04,0.07,-0.03
1034,-0.04,0.04,-0.01
1035,0.0,0.04,0.08
1036,0.03,0.07,0.11
1037,0.03,0.09,0.03
1038,0.03,0.09,0.03
1039,-0.1,0.04,-0.01
1040,-0.06,0.04,-0.1
1041,-0.04,0.09,-0.13
1042,0.01,0.04,-0.09
1043,0.01,0.04,-0.09
1044,0.04,0.01,-0.04
1045,0.01,0.04,-0.06
1046,-0.01,0.07,-0.08
1047,-0.06,0.04,-0.13
1048,-0.09,0.04,-0.15
1049,-0.06,0.01,-0.13
1050,0.01,0.01,-0.09
1051,0.04,0.09,-0.04
1052,0.04,0.07,-0.01
1053,0.04,0.07,-0.01
1054,-0.01,0.04,-0.08
1055,-0.06,0.07,-0.13
1056,-0.09,0.09,-0.15
1057,-0.06,0.07,-0.15
1058,0.02,0.04,-0.16
1059,0.01,0.07,-0.09
1060,0.04,0.12,-0.04
1061,0.06,0.09,-0.04
1062,0.01,0.09,-0.09
1063,-0.06,0.07,-0.13
1064,-0.06,0.04,-0.1
1065,-0.06,0.07,-0.1
1066,-0.04,0.04,-0.11
1067,-0.01,0.04,-0.11
1068,0.01,0.04,-0.04
1069,0.04,0.04,-0.01
1070,0.06,0.09,0.06
1071,0.0,0.07,0.06
1072,-0.08,0.07,0.04
1073,-0.05,0.01,0.04
1074,-0.03,0.04,0.11
1075,0.03,0.07,0.11
1076,0.05,0.07,0.13
1077,0.08,0.04,0.13
1078,0.08,0.04,0.13
1079,-0.03,0.04,0.09
1080,0.0,0.07,0.06
1081,-0.02,0.04,0.06
1082,-0.05,0.1,0.04
1083,0.03,0.07,0.06
1084,0.05,0.1,0.13
1085,0.07,0.07,0.17
1086,0.08,0.07,0.08
1087,0.03,0.07,0.06
1088,-0.05,0.04,0.01
1089,-0.02,0.07,0.06
1090,0.0,0.09,0.04
1091,0.0,0.07,0.08
1092,0.05,0.07,0.1
1093,0.1,0.04,0.15
1094,0.08,0.07,0.15
1095,0.05,0.07,0.1
1096,-0.05,0.1,0.04
1097,-0.05,0.04,0.06
1098,-0.02,0.07,0.06
1099,0.03,0.1,0.11
1100,0.05,0.09,0.08
1101,0.09,0.07,0.03
1102,0.09,0.04,0.01
1103,0.04,0.01,-0.04
1104,0.01,0.09,-0.09
1105,-0.04,0.12,-0.06
1106,-0.07,0.07,-0.08
1107,0.01,0.01,-0.06
1108,0.06,0.07,0.01
1109,0.09,0.07,0.03
1110,0.09,0.07,0.03
1111,0.06,0.01,-0.02
1112,0.01,-0.02,-0.06
1113,-0.01,-0.02,-0.08
1114,0.01,0.07,-0.04
1115,0.01,0.04,-0.09
1116,0.06,0.01,-0.04
1117,0.08,-0.02,0.05
1118,0.09,0.01,0.03
1119,0.09,0.07,0.01
1120,0.01,0.01,-0.04
1121,-0.04,0.04,-0.06
1122,-0.06,-0.02,-0.1
1123,0.04,0.01,-0.04
1124,0.06,0.04,-0.02
1125,0.11,0.04,0.0
1126,0.09,0.04,0.01
1127,0.04,-0.02,-0.04
1128,0.06,-0.02,-0.04
1129,-0.02,0.04,-0.04
1130,-0.04,0.01,-0.11
1131,-0.03,0.04,-0.15
1132,0.01,0.01,-0.09
1133,0.01,-0.02,-0.01
1134,0.09,0.04,-0.02
1135,0.04,0.04,-0.04
1136,0.01,0.01,-0.09
1137,-0.06,0.01,-0.1
1138,-0.04,0.04,-0.11
1139,-0.06,0.07,-0.13
1140,-0.06,0.07,-0.13
1141,0.01,0.04,-0.01
1142,0.06,0.04,-0.02
1143,0.06,-0.02,0.01
1144,0.04,0.04,-0.04
1145,-0.01,0.07,-0.13
1146,-0.06,0.04,-0.13
1147,-0.04,0.04,-0.08
1148,0.02,0.04,-0.11
1149,0.03,0.01,0.01
1150,0.06,0.01,-0.04
1151,0.09,-0.02,-0.04
1152,0.04,0.01,-0.06
1153,-0.04,0.04,-0.06
1154,-0.07,0.01,-0.06
1155,-0.09,0.01,-0.15
1156,-0.06,-0.02,-0.1
1157,0.04,0.04,-0.06
1158,0.06,0.01,0.03
1159,0.06,0.01,-0.04
1160,-0.02,0.01,-0.01
1161,-0.02,0.01,0.01
1162,-0.02,0.01,0.06
1163,-0.02,0.01,0.06
1164,0.06,0.04,0.06
1165,0.03,0.04,0.06
1166,0.11,0.01,0.12
1167,0.08,0.01,0.1
1168,0.03,0.01,0.11
1169,0.0,0.04,0.06
1170,0.0,0.04,0.06
1171,-0.02,-0.02,-0.01
1172,-0.02,0.01,0.06
1173,0.02,0.04,0.13
1174,0.08,0.04,0.13
1175,0.08,0.01,0.08
1176,0.05,-0.05,0.1
1177,0.0,-0.02,0.11
1178,-0.02,0.04,0.06
1179,-0.02,0.04,0.04
1180,-0.02,0.01,0.01
1181,0.03,0.01,0.06
1182,0.05,0.04,0.18
1183,0.08,0.04,0.15
1184,0.05,0.01,0.13
1185,-0.02,-0.02,0.04
1186,-0.07,-0.02,0.04
1187,-0.05,0.04,0.09
1188,-0.02,0.04,0.06
1189,0.03,0.04,0.08
1190,0.05,0.01,0.13
1191,0.08,0.01,0.1
1192,0.08,0.01,0.05
1193,0.03,0.01,0.03
1194,0.04,0.01,-0.02
1195,-0.01,-0.02,-0.06
1196,-0.04,-0.05,-0.01
1197,0.03,-0.02,0.01
1198,0.06,0.04,0.08
1199,0.14,0.01,0.07
1200,0.14,0.01,0.07
1201,0.06,-0.05,-0.02
1202,0.01,-0.02,0.03
1203,-0.02,0.01,0.01
1204,-0.04,0.01,-0.03
1205,-0.02,0.01,0.01
1206,0.03,0.04,0.03
1207,0.08,0.04,0.13
1208,0.11,0.01,0.1
1209,0.06,0.01,0.01
1210,-0.04,-0.02,-0.01
1211,-0.05,-0.05,0.01
1212,-0.05,-0.02,0.01
1213,0.01,0.01,0.01
1214,0.06,-0.02,0.01
1215,0.08,0.01,0.05
1216,0.05,-0.02,0.1
1217,0.03,0.01,0.06
1218,0.01,0.01,0.03
1219,-0.02,-0.02,-0.01
1220,-0.04,-0.05,-0.11
1221,-0.09,0.01,-0.1
1222,-0.01,0.04,-0.06
1223,0.04,0.01,-0.02
1224,0.01,0.01,-0.01
1225,0.01,-0.02,-0.04
1226,-0.01,-0.05,-0.08
1227,-0.04,0.01,-0.11
1228,-0.09,0.01,-0.15
1229,-0.06,0.01,-0.13
1230,-0.06,0.01,-0.13
1231,0.01,-0.02,0.03
1232,0.03,0.01,0.01
1233,0.01,-0.02,-0.04
1234,-0.01,-0.02,-0.06
1235,-0.12,-0.02,-0.1
1236,-0.09,-0.02,-0.1
1237,-0.09,0.04,-0.08
1238,-0.07,0.04,-0.08
1239,0.04,-0.05,-0.04
1240,0.01,-0.05,-0.01
1241,0.04,0.01,-0.04
1242,-0.01,-0.02,-0.06
1243,-0.04,-0.02,-0.08
1244,-0.06,-0.02,-0.13
1245,-0.06,-0.05,-0.1
1246,-0.07,-0.02,-0.03
1247,0.04,0.01,-0.02
1248,0.04,0.01,-0.02
1249,0.07,-0.02,-0.07
1250,0.01,-0.02,0.03
1251,-0.05,-0.02,0.11
1252,-0.05,0.01,0.06
1253,-0.05,0.01,0.04
1254,-0.05,-0.02,0.04
1255,0.06,-0.02,0.08
1256,0.05,0.01,0.15
1257,0.08,-0.02,0.1
1258,0.05,0.01,0.1
1259,-0.02,-0.02,0.06
1260,-0.02,-0.02,0.06
1261,-0.05,0.01,0.06
1262,-0.05,0.04,0.04
1263,-0.02,0.01,0.04
1264,0.03,-0.02,0.11
1265,0.1,0.01,0.15
1266,0.05,0.01,0.15
1267,0.0,0.01,0.08
1268,-0.05,-0.02,0.04
1269,-0.07,-0.05,-0.01
1270,-0.05,-0.05,0.04
1271,0.03,0.01,0.08
1272,0.08,0.01,0.13
1273,0.05,0.01,0.18
1274,0.08,-0.08,0.1
1275,0.03,-0.05,0.08
1276,-0.05,0.01,0.09
1277,-0.05,-0.02,0.06
1278,-0.02,0.01,0.01
1279,-0.02,-0.02,0.06
1280,0.03,0.01,0.06
1281,0.08,0.07,0.1
1282,0.08,0.04,0.05
1283,0.03,0.04,0.06
1284,-0.04,0.04,-0.03
1285,-0.07,0.01,-0.01
1286,-0.05,0.07,0.01
1287,-0.04,0.04,-0.01
1288,0.04,0.01,-0.02
1289,0.03,0.01,0.08
1290,0.03,0.01,0.08
1291,0.06,0.04,0.08
1292,-0.02,0.04,0.01
1293,-0.04,0.01,-0.03
1294,-0.07,-0.02,-0.01
1295,-0.05,0.01,0.01
1296,0.03,0.09,0.03
1297,0.06,0.04,0.03
1298,0.06,-0.02,0.08
1299,0.06,0.01,0.06
1300,0.01,0.01,0.03
1301,-0.05,0.04,0.01
1302,-0.04,0.07,-0.03
1303,-0.07,0.01,-0.03
1304,-0.02,0.01,-0.01
1305,0.03,-0.02,0.03
1306,0.08,0.04,0.1
1307,0.06,0.04,0.06
1308,0.03,-0.02,0.01
1309,-0.02,0.01,0.01
1310,-0.07,0.01,-0.08
1311,-0.06,0.07,-0.15
1312,-0.06,0.04,-0.15
1313,-0.01,-0.02,-0.13
1314,0.06,0.01,-0.02
1315,0.06,0.04,0.01
1316,0.07,0.04,-0.06
1317,-0.04,0.04,-0.11
1318,-0.06,0.01,-0.15
1319,-0.04,0.04,-0.13
1320,-0.04,0.04,-0.13
1321,0.04,0.07,-0.11
1322,0.01,0.04,-0.09
1323,0.06,0.01,-0.04
1324,0.06,0.01,-0.04
1325,-0.01,0.04,-0.08
1326,-0.01,0.07,-0.11
1327,-0.06,0.04,-0.18
1328,-0.03,-0.02,-0.15
1329,0.04,-0.02,-0.11
1330,0.06,0.04,-0.04
1331,0.09,0.04,-0.02
1332,0.04,0.01,-0.09
1333,0.04,-0.05,-0.11
1334,0.01,0.01,-0.09
1335,-0.01,0.04,-0.13
1336,-0.03,0.04,-0.15
1337,-0.03,0.01,-0.15
1338,-0.04,0.01,-0.13
1339,0.09,-0.02,-0.04
1340,0.08,0.01,0.05
1341,0.05,0.01,0.1
1342,0.06,0.01,0.08
1343,-0.02,-0.02,0.06
1344,-0.03,0.01,0.08
1345,-0.05,0.04,0.04
1346,0.06,0.04,0.08
1347,0.03,0.01,0.06
1348,0.1,0.04,0.12
1349,0.08,0.01,0.15
1350,0.08,0.01,0.15
1351,0.0,0.01,0.08
1352,-0.05,-0.02,0.04
1353,-0.02,0.01,0.06
1354,0.0,0.04,0.06
1355,0.11,-0.02,0.12
1356,0.11,0.01,0.1
1357,0.08,-0.02,0.13
1358,0.08,-0.02,0.15
1359,0.0,-0.02,0.11
1360,-0.02,0.01,0.04
1361,-0.02,0.01,0.01
1362,-0.02,-0.02,0.04
1363,0.08,-0.02,0.08
1364,0.07,0.04,0.17
1365,0.11,0.07,0.1
1366,0.08,0.04,0.1
1367,0.0,-0.02,0.06
1368,-0.02,0.01,0.06
1369,-0.03,0.01,0.08
1370,-0.01,0.01,-0.11
1371,-0.03,0.01,-0.15
1372,-0.01,-0.02,-0.08
1373,0.04,0.01,-0.04
1374,0.04,0.01,-0.04
1375,0.02,0.01,-0.11
1376,-0.06,0.01,-0.18
1377,-0.08,0.01,-0.2
1378,-0.06,-0.02,-0.15
1379,-0.01,0.07,-0.16
1380,-0.01,0.07,-0.16
1381,0.01,0.04,-0.06
1382,0.01,-0.02,-0.09
1383,-0.01,-0.02,-0.08
1384,-0.06,0.04,-0.13
1385,-0.03,0.04,-0.18
1386,-0.09,0.01,-0.17
1387,-0.09,-0.02,-0.18
1388,0.01,0.01,-0.06
1389,0.09,0.01,-0.04
1390,0.06,0.04,-0.04
1391,0.02,-0.02,-0.13
1392,-0.06,-0.05,-0.15
1393,-0.06,0.01,-0.15
1394,-0.03,0.01,-0.18
1395,-0.06,0.04,-0.18
1396,0.05,-0.02,-0.16
1397,0.01,-0.02,-0.06
1398,0.06,0.01,-0.02
1399,0.01,0.07,-0.06
1400,0.01,0.04,-0.01
1401,-0.02,-0.05,0.08
1402,-0.05,-0.05,0.06
1403,-0.02,-0.08,0.04
1404,-0.0,0.01,0.11
1405,0.03,-0.02,0.13
1406,0.05,-0.05,0.1
1407,0.08,-0.08,0.13
1408,0.05,-0.02,0.1
1409,-0.03,-0.02,0.11
1410,-0.03,-0.02,0.11
1411,-0.07,-0.02,0.04
1412,-0.05,-0.08,0.06
1413,0.05,-0.05,0.1
1414,0.05,-0.02,0.13
1415,0.08,-0.05,0.13
1416,0.03,-0.05,0.11
1417,0.0,-0.02,0.06
1418,-0.02,-0.02,0.06
1419,-0.05,0.01,0.09
1420,-0.08,0.01,0.04
1421,-0.02,0.01,0.06
1422,0.05,-0.02,0.13
1423,0.07,0.01,0.17
1424,0.05,0.01,0.13
1425,0.06,-0.05,0.06
1426,-0.02,-0.05,0.06
1427,-0.05,-0.05,0.06
1428,-0.05,-0.02,0.06
1429,0.0,0.01,0.06
1430,0.06,-0.02,0.01
1431,0.09,-0.05,0.01
1432,0.09,0.01,-0.02
1433,0.09,0.01,-0.09
1434,-0.01,-0.02,-0.06
1435,-0.03,-0.02,-0.15
1436,-0.06,-0.05,-0.1
1437,0.04,-0.02,-0.09
1438,0.06,0.01,-0.04
1439,0.06,0.01,0.01
1440,0.06,0.01,0.01
1441,0.01,-0.02,-0.04
1442,0.01,-0.05,-0.04
1443,-0.04,-0.02,-0.08
1444,-0.06,-0.02,-0.13
1445,-0.01,-0.08,-0.08
1446,0.04,-0.02,-0.04
1447,0.06,0.01,-0.04
1448,0.09,-0.02,-0.02
1449,0.07,-0.02,-0.07
1450,0.02,-0.05,-0.11
1451,-0.04,-0.05,-0.11
1452,-0.04,-0.02,-0.11
1453,-0.01,0.01,-0.11
1454,0.02,-0.02,-0.11
1455,0.04,-0.02,-0.06
1456,0.06,-0.02,0.03
1457,0.09,-0.05,-0.02
1458,0.06,-0.02,-0.04
1459,0.02,-0.02,-0.11
1460,-0.01,-0.02,-0.13
1461,-0.04,-0.02,-0.11
1462,-0.01,0.01,-0.06
1463,0.04,0.04,-0.04
1464,0.04,-0.05,-0.02
1465,0.06,-0.05,-0.04
1466,0.04,-0.05,-0.04
1467,0.01,-0.05,-0.06
1468,-0.04,-0.02,-0.11
1469,-0.04,-0.02,-0.11
1470,-0.04,-0.02,-0.11
1471,0.04,-0.05,-0.09
1472,0.06,-0.02,-0.02
1473,0.06,0.01,0.03
1474,0.07,-0.02,-0.07
1475,0.02,-0.02,-0.11
1476,-0.04,-0.02,-0.08
1477,-0.06,-0.02,-0.1
1478,-0.04,0.04,-0.08
1479,0.01,-0.02,-0.09
1480,0.01,-0.05,-0.01
1481,0.06,-0.02,-0.02
1482,0.06,-0.02,-0.04
1483,0.04,-0.05,-0.04
1484,-0.04,-0.02,-0.08
1485,-0.09,0.01,-0.1
1486,-0.04,0.01,-0.11
1487,0.01,0.01,-0.06
1488,0.04,0.01,-0.06
1489,0.06,-0.05,-0.04
1490,0.06,-0.05,0.06
1491,0.08,-0.02,0.13
1492,0.08,-0.02,0.08
1493,-0.02,-0.02,0.06
1494,-0.05,-0.08,0.01
1495,-0.08,-0.08,0.06
1496,0.02,0.01,0.13
1497,0.05,0.01,0.13
1498,0.08,0.04,0.1
1499,0.08,0.01,0.1
